price,crime_rate,resid_area,air_qual,room_num,age,teachers,poor_prop,n_hos_beds,n_hot_rooms,rainfall,avg_dist,airport_YES,waterbody_Lake,waterbody_Lake and River,waterbody_River
24.0,0.0063001125484799,32.31,0.538,6.575,65.2,24.7,4.98,5.48,11.192,23,4.0875,1,0,0,1
21.6,0.0269437354475461,37.07,0.469,6.421,78.9,22.2,9.14,7.332,12.1728,42,4.9675,0,1,0,0
34.7,0.02692426693786,37.07,0.469,7.185,61.1,22.2,4.03,7.394,46.19856,38,4.9675,0,0,0,0
33.4,0.0318571299356596,32.18,0.458,6.998,45.8,21.3,2.94,9.268,11.2672,45,6.065,1,1,0,0
36.2,0.0667704036338524,32.18,0.458,7.147,54.2,21.3,5.33,8.824,11.2896,55,6.0625,0,1,0,0
28.7,0.0294131605683495,32.18,0.458,6.43,58.7,21.3,5.21,7.174,14.2296,53,6.0600000000000005,1,0,0,0
22.9,0.0846076570348256,37.87,0.524,6.012,66.6,24.8,12.43,6.958,12.1832,41,5.56,1,0,0,1
22.1,0.1350115466558769,37.87,0.524,6.172,96.1,24.8,19.15,5.842,12.1768,56,5.95,0,1,0,0
16.5,0.191644628254806,37.87,0.524,5.631,100.0,24.8,29.93,5.93,12.132,55,6.0825,1,0,0,0
18.9,0.1570379362594552,37.87,0.524,6.004,85.9,24.8,17.1,9.478,14.1512,45,6.59,1,0,0,1
15.0,0.2028510440464281,37.87,0.524,6.377,94.3,24.8,20.45,6.0,11.12,29,6.3475,0,1,0,0
18.9,0.1110672015076523,37.87,0.524,6.009,82.9,24.8,13.27,9.278,13.1512,23,6.2250000000000005,0,0,1,0
21.7,0.0896395868849593,37.87,0.524,5.889,39.0,24.8,15.71,5.534,10.1736,57,5.452499999999999,1,0,1,0
20.4,0.4884327647141028,38.14,0.538,5.949,61.8,19.0,8.26,5.908,14.1632,39,4.7075,1,0,0,0
18.2,0.493451565108284,38.14,0.538,6.096,84.5,19.0,10.26,6.964,13.1456,49,4.465,0,0,0,0
19.9,0.4869775044907407,38.14,0.538,5.834,56.5,19.0,8.47,8.498,14.1592,28,4.4975,1,0,0,1
23.1,0.7197550310814291,38.14,0.538,5.935,29.3,19.0,6.58,5.462,10.1848,46,4.5,0,0,0,0
17.5,0.5789701354975461,38.14,0.538,5.99,81.7,19.0,14.67,5.45,11.14,56,4.26,0,1,0,0
20.2,0.5892910882451726,38.14,0.538,5.456,36.6,19.0,11.69,8.504,12.1616,41,3.795,1,0,1,0
18.2,0.5456907110920701,38.14,0.538,5.727,69.5,19.0,11.28,8.564,12.1456,27,3.8,0,0,1,0
13.6,0.8117254554853012,38.14,0.538,5.57,98.1,19.0,21.02,8.272,15.1088,44,3.7975,1,0,1,0
19.6,0.6162877342628866,38.14,0.538,5.965,89.2,19.0,13.83,9.192,14.1568,23,4.0125,1,0,0,0
15.2,0.8031085958282844,38.14,0.538,6.142,91.7,19.0,18.72,5.804,14.1216,48,3.98,1,0,0,1
14.5,0.687345382632109,38.14,0.538,5.813,100.0,19.0,19.88,7.49,13.116,29,4.095000000000001,1,1,0,0
15.6,0.5597643483283524,38.14,0.538,5.924,94.1,19.0,16.3,8.212,13.1248,27,4.4,1,1,0,0
13.9,0.6100590068254428,38.14,0.538,5.599,85.7,19.0,16.51,9.378,13.1112,35,4.455,1,0,0,1
16.6,0.5139666854625483,38.14,0.538,5.813,90.3,19.0,14.81,9.732,12.1328,59,4.682500000000001,0,1,0,0
14.8,0.6707839777866772,38.14,0.538,6.047,88.8,19.0,17.28,8.696,13.1184,20,4.4525,1,1,0,0
18.4,0.5726673869182407,38.14,0.538,6.495,94.4,19.0,12.8,5.968,15.1472,35,4.455,1,0,0,1
21.0,0.6943714308596382,38.14,0.538,6.674,87.3,19.0,11.98,9.02,12.168,50,4.24,0,0,0,1
12.7,0.7565021891227189,38.14,0.538,5.713,94.1,19.0,22.6,9.854,12.1016,34,4.2325,0,1,0,0
14.5,0.8564218244336657,38.14,0.538,6.072,100.0,19.0,13.04,9.29,12.116,23,4.175,1,0,0,0
13.2,0.8704520079168976,38.14,0.538,5.95,82.0,19.0,27.71,8.764,14.1056,25,3.9925,0,0,0,1
13.1,0.7662675223101358,38.14,0.538,5.701,95.0,19.0,18.35,8.362,15.1048,25,3.7875,1,0,0,0
13.5,0.9604300978281596,38.14,0.538,6.096,96.9,19.0,20.34,9.67,11.108,40,3.76,1,0,0,0
18.9,0.0621951525929671,35.96,0.499,5.933,68.2,20.8,9.68,9.478,11.1512,43,3.36,1,0,0,1
20.0,0.0929801947688741,35.96,0.499,5.841,61.4,20.8,11.41,7.5,15.16,39,3.3775,0,0,0,0
21.0,0.0770906623645636,35.96,0.499,5.85,41.5,20.8,8.77,8.12,10.168,21,3.935000000000001,1,0,0,1
24.2,0.1613106998822502,35.96,0.499,5.966,30.2,20.8,10.13,8.184,10.1936,21,3.8475,1,0,0,1
30.8,0.0272551800664515,32.95,0.428,6.595,21.8,21.7,4.32,6.916,12.2464,49,5.4,1,0,0,1
34.9,0.0330381790767973,32.95,0.428,7.024,15.8,21.7,1.98,6.198,15.2792,20,5.4025,1,0,0,1
26.6,0.1199495759011185,36.91,0.448,6.77,2.9,22.1,4.84,7.732,13.2128,30,5.7225,0,0,1,0
25.3,0.1323431869877131,36.91,0.448,6.169,6.6,22.1,5.81,8.106,15.2024,52,5.7225,0,0,0,1
24.7,0.1478681287245753,36.91,0.448,6.211,6.5,22.1,7.44,6.094,15.1976,56,5.72,1,0,0,1
21.2,0.1157275913439704,36.91,0.448,6.069,40.0,22.1,9.55,9.024,12.1696,53,5.7225,0,0,0,1
19.3,0.1582166881149534,36.91,0.448,5.682,33.8,22.1,10.21,8.086,11.1544,21,5.1025,0,0,0,1
20.0,0.1725742053390746,36.91,0.448,5.786,33.3,22.1,14.15,9.3,12.16,39,5.1,1,1,0,0
16.6,0.2064204972609395,36.91,0.448,6.03,85.5,22.1,18.8,5.332,12.1328,44,5.69,1,0,0,1
14.4,0.2262347685752403,36.91,0.448,5.399,95.3,22.1,30.81,7.088,14.1152,34,5.87,0,0,0,0
19.4,0.1986623163820069,36.91,0.448,5.602,62.0,22.1,16.2,5.988,13.1552,45,6.0875,0,0,1,0
19.7,0.0850118793258391,35.64,0.439,5.963,45.7,23.2,13.45,7.9990000000000006,11.1576,21,6.815,1,0,0,1
20.5,0.0424558590363923,35.64,0.439,6.115,63.0,23.2,9.43,7.01,11.164,30,6.8175,1,1,0,0
25.0,0.0522128714469343,35.64,0.439,6.511,21.1,23.2,5.28,9.9,14.2,56,6.8175,0,0,0,1
23.4,0.0486091954146221,35.64,0.439,5.998,21.4,23.2,8.43,9.168,11.1872,41,6.815,0,0,0,1
18.9,0.0135083500247923,34.0,0.41,5.888,47.6,18.9,14.8,8.678,15.1512,55,7.3175,1,0,0,0
35.4,0.0130248077226894,31.22,0.403,7.249,21.9,22.1,4.81,7.508,13.2832,50,8.6975,1,0,0,1
24.7,0.0203416976579146,30.74,0.41,6.383,35.7,22.7,5.77,5.794,15.1976,22,9.1875,1,1,0,0
31.6,0.0142184372375556,31.32,0.411,6.816,40.5,24.9,3.95,7.432,15.2528,45,8.325,1,1,0,0
23.3,0.1436240400828754,35.13,0.453,6.145,29.2,20.3,6.86,7.866,14.1864,22,7.815,0,0,0,0
19.6,0.0982875611839452,35.13,0.453,5.927,47.2,20.3,9.22,6.192,14.1568,20,6.93,1,0,0,0
18.7,0.1391704631379713,35.13,0.453,5.741,66.2,20.3,13.15,7.974,11.1496,30,7.225,0,0,0,1
16.0,0.158464220263388,35.13,0.453,5.966,93.4,20.3,14.44,6.22,15.128,48,6.82,0,0,0,1
22.2,0.1046032289886448,35.13,0.453,6.456,67.8,20.3,6.73,5.844,10.1776,56,7.225,1,0,0,0
25.0,0.1191154808901621,35.13,0.453,6.762,43.4,20.3,9.5,5.9,13.2,28,7.982500000000001,1,0,1,0
33.0,0.0193221197140369,31.38,0.4161,7.104,59.5,21.4,8.05,8.26,10.264,30,9.2225,1,0,1,0
23.5,0.0352126917557425,33.37,0.398,6.29,17.8,23.9,4.67,9.47,12.188,20,6.6125,0,0,0,1
19.4,0.0428583198019006,33.37,0.398,5.787,31.1,23.9,10.24,8.988,11.1552,44,6.61,0,0,1,0
22.0,0.0562763582766247,36.07,0.409,5.878,21.4,21.1,8.1,7.14,13.176,29,6.4975,1,0,0,1
17.4,0.1271083087153749,36.07,0.409,5.594,36.8,21.1,13.09,8.848,15.1392,40,6.4975,0,0,0,1
20.9,0.1205879869885934,36.07,0.409,5.885,33.0,21.1,8.79,8.318,11.1672,56,6.5,0,1,0,0
24.2,0.0845800904730633,40.81,0.413,6.417,6.6,20.8,6.72,9.784,14.1936,38,5.285,1,0,0,1
21.7,0.1473504678499022,40.81,0.413,5.961,17.5,20.8,9.88,10.034,13.1736,46,5.2875000000000005,0,0,1,0
22.8,0.0876811526398337,40.81,0.413,6.065,7.8,20.8,5.52,5.856,10.1824,20,5.2875000000000005,0,0,0,1
23.4,0.1784724919723238,40.81,0.413,6.245,6.2,20.8,7.54,5.968,12.1872,45,5.2875,1,1,0,0
24.1,0.075997614226465,42.83,0.437,6.273,6.0,21.3,6.78,7.882,10.1928,40,4.2525,0,0,0,1
21.4,0.0908639463051198,42.83,0.437,6.286,45.0,21.3,8.94,6.028,10.1712,28,4.505,0,0,0,0
20.0,0.0967001224772135,42.83,0.437,6.279,74.5,21.3,11.97,7.3,12.16,22,4.0525,0,0,0,0
20.8,0.0834860034897503,42.83,0.437,6.14,45.8,21.3,10.27,5.916,11.1664,57,4.09,1,0,0,1
21.2,0.0549236964958992,42.83,0.437,6.232,53.7,21.3,12.34,8.824,15.1696,53,5.015,1,1,0,0
20.3,0.0805379696264709,42.83,0.437,5.874,36.6,21.3,9.1,6.406,15.1624,37,4.5025,0,0,1,0
28.0,0.040306661759134,34.86,0.426,6.727,33.5,21.0,5.29,6.46,14.224,54,5.4,1,1,0,0
23.9,0.0436531829214031,34.86,0.426,6.619,70.4,21.0,7.22,5.578,12.1912,49,5.4025,1,1,0,0
24.8,0.0359364798043054,34.86,0.426,6.302,32.2,21.0,6.72,6.096,10.1984,20,5.4025,0,0,0,1
22.9,0.0348940589773206,34.86,0.426,6.167,46.7,21.0,7.51,7.558,10.1832,34,5.4,1,1,0,0
23.9,0.049351911121969,34.49,0.449,6.389,48.0,21.5,9.62,6.678,14.1912,23,4.78,0,1,0,0
26.6,0.0557657779058572,34.49,0.449,6.63,56.1,21.5,6.53,9.732,12.2128,56,4.44,0,0,0,1
22.5,0.050579039368154,34.49,0.449,6.015,45.1,21.5,12.86,5.95,11.18,50,4.4275,1,0,0,1
22.2,0.0690688685990977,34.49,0.449,6.121,56.8,21.5,8.44,7.244,12.1776,43,3.7475,1,0,0,0
23.6,0.0550562057480783,33.41,0.489,7.007,86.3,22.2,5.5,6.972,10.1888,28,3.42,0,0,0,1
28.7,0.0516622263237937,33.41,0.489,7.079,63.1,22.2,5.7,7.574,15.2296,31,3.415,1,0,0,0
22.6,0.0457761026365835,33.41,0.489,6.417,66.1,22.2,8.81,7.352,15.1808,58,3.0925,1,1,0,0
22.0,0.0385666531488166,33.41,0.489,6.405,73.9,22.2,8.2,8.24,13.176,23,3.0925,0,0,0,1
22.9,0.0411707337036766,45.04,0.464,6.442,53.6,21.8,8.16,9.158,14.1832,60,3.665,0,1,0,0
25.0,0.0283444730091425,45.04,0.464,6.211,28.9,21.8,6.21,10.3,14.2,46,3.6675,0,0,1,0
20.6,0.0420436479976793,45.04,0.464,6.249,77.3,21.8,10.59,5.712,13.1648,54,3.615,0,0,1,0
28.4,0.115148457088922,32.89,0.445,6.625,57.8,22.0,6.65,9.968,14.2272,46,3.495,0,0,0,1
21.4,0.1088902787080716,32.89,0.445,6.163,69.6,22.0,11.34,10.228,12.1712,21,3.495,0,0,0,1
38.7,0.1140694822777303,32.89,0.445,8.069,76.0,22.0,4.21,6.274,12.3096,53,3.495,1,0,0,1
43.8,0.0786910253316488,32.89,0.445,7.82,36.9,22.0,3.57,10.876,10.3504,25,3.4975,1,0,1,0
33.2,0.0663493805415339,32.89,0.445,7.416,62.5,22.0,6.19,6.564,13.2656,31,3.4975,0,0,0,1
27.5,0.1385960455902577,38.56,0.52,6.727,79.9,19.1,9.42,9.65,15.22,24,2.7775,1,1,0,0
26.5,0.1082443533976388,38.56,0.52,6.781,71.3,19.1,7.67,7.23,10.212,58,2.8575000000000004,1,0,0,1
18.6,0.2060055307981068,38.56,0.52,6.405,85.4,19.1,10.63,6.772,13.1488,57,2.715,0,0,1,0
19.3,0.1919500536859109,38.56,0.52,6.137,87.4,19.1,13.44,6.886,14.1544,36,2.7125,1,0,0,0
20.1,0.1306773236416161,38.56,0.52,6.167,90.0,19.1,12.33,7.102,10.1608,20,2.4225000000000003,1,0,0,0
19.5,0.1245335330265603,38.56,0.52,5.851,96.7,19.1,16.47,7.89,13.156,57,2.105,1,0,0,0
19.5,0.15802886422491,38.56,0.52,5.836,91.9,19.1,18.66,10.29,14.156,20,2.21,1,1,0,0
20.4,0.1232524952993025,38.56,0.52,6.127,85.2,19.1,14.09,6.008,14.1632,57,2.1225,1,0,1,0
19.8,0.1204638834151376,38.56,0.52,6.474,97.1,19.1,12.27,8.596,10.1584,48,2.435,0,0,1,0
19.4,0.2339885313543719,38.56,0.52,6.229,91.2,19.1,15.55,9.788,14.1552,41,2.545,1,0,0,0
21.7,0.1024934094340411,38.56,0.52,6.195,54.4,19.1,13.0,6.934,10.1736,37,2.7775000000000003,1,0,0,0
22.8,0.0960735247460641,40.01,0.547,6.715,81.6,22.2,10.16,5.656,13.1824,34,2.675,1,0,0,1
18.8,0.1162618792844445,40.01,0.547,5.913,92.9,22.2,16.21,7.9990000000000006,15.1504,35,2.3525,1,0,0,1
18.7,0.2005870556007992,40.01,0.547,6.092,95.4,22.2,17.09,10.074,10.1496,59,2.5475,1,0,0,1
18.5,0.1330525279871514,40.01,0.547,6.254,84.2,22.2,10.45,6.67,12.148,39,2.255,0,0,1,0
18.3,0.1581483926002349,40.01,0.547,5.928,88.2,22.2,15.76,7.566,11.1464,24,2.4625000000000004,0,0,0,0
21.2,0.1236148861993021,40.01,0.547,6.176,72.5,22.2,12.04,6.524,13.1696,23,2.73,0,0,0,0
19.2,0.1406137533941645,40.01,0.547,6.021,82.6,22.2,10.3,9.484,15.1536,28,2.7475,0,0,1,0
20.4,0.1227307753803169,40.01,0.547,5.872,73.1,22.2,15.37,8.008,14.1632,40,2.4775,1,0,0,1
19.3,0.1351950080486887,40.01,0.547,5.731,65.2,22.2,13.61,10.186,11.1544,20,2.7575000000000003,1,0,0,1
22.0,0.0667142774622037,55.65,0.581,5.87,69.7,20.9,14.37,7.84,10.176,23,2.2575,1,0,0,1
20.3,0.0691995168010044,55.65,0.581,6.004,84.1,20.9,14.27,9.706,10.1624,39,2.1975,1,0,1,0
20.5,0.0889170600217153,55.65,0.581,5.961,92.9,20.9,17.93,8.91,10.164,51,2.09,1,0,0,0
17.3,0.140092322576218,55.65,0.581,5.856,97.0,20.9,25.41,9.146,10.1384,51,1.945,1,1,0,0
18.8,0.0939365094783795,55.65,0.581,5.879,95.8,20.9,17.58,6.276,13.1504,56,2.0075000000000003,0,0,0,1
21.4,0.1561657909834433,55.65,0.581,5.986,88.4,20.9,14.81,8.128,14.1712,22,1.99,1,1,0,0
15.7,0.3273954526862417,55.65,0.581,5.613,95.6,20.9,27.26,7.714,10.1256,42,1.755,0,1,0,0
16.2,0.2304368901416751,51.89,0.624,5.693,96.0,18.8,17.19,5.924,15.1296,31,1.7875,1,0,0,0
18.0,0.2817369350921531,51.89,0.624,6.431,98.8,18.8,15.39,8.16,14.144,41,1.815,0,0,0,0
14.3,0.6319364495150489,51.89,0.624,5.637,94.7,18.8,18.34,7.886,10.1144,30,1.9825,1,1,0,0
19.2,0.2927143890798025,51.89,0.624,6.458,98.9,18.8,12.6,8.984,13.1536,25,2.1175,1,0,0,0
19.6,0.7852431092803438,51.89,0.624,6.326,97.7,18.8,12.26,7.592,12.1568,29,2.27,1,0,0,0
23.0,0.4637654622785885,51.89,0.624,6.372,97.9,18.8,11.12,8.96,12.184,57,2.3275,1,0,1,0
18.4,0.2850435947287374,51.89,0.624,5.822,95.4,18.8,15.03,10.268,10.1472,58,2.4725,1,0,1,0
15.6,0.6811606280137663,51.89,0.624,5.757,98.4,18.8,17.31,9.012,11.1248,32,2.3475,0,0,1,0
18.1,0.4432617308027308,51.89,0.624,6.335,98.2,18.8,16.96,7.862,11.1448,37,2.11,1,0,0,1
17.4,0.2796297392609526,51.89,0.624,5.942,93.5,18.8,16.9,10.148,10.1392,37,1.9675,0,0,0,1
17.1,0.3018290306776389,51.89,0.624,6.454,98.4,18.8,14.59,6.942,11.1368,40,1.85,1,0,0,0
13.3,0.2229835385128442,51.89,0.624,5.857,98.2,18.8,21.32,8.066,14.1064,39,1.6675,0,0,0,1
17.8,0.4347131824671496,51.89,0.624,6.151,97.9,18.8,18.46,8.656,10.1424,29,1.6675,1,1,0,0
14.0,0.2553396495305265,51.89,0.624,6.174,93.6,18.8,24.16,5.68,10.112,28,1.6125,0,1,0,0
14.4,0.9664666021758896,51.89,0.624,5.019,100.0,18.8,34.41,9.988,12.1152,43,1.44,1,0,0,0
13.4,1.4634984282783583,49.58,0.871,5.403,100.0,25.3,26.82,5.268,13.1072,42,1.3224999999999998,1,0,0,1
15.6,1.6287306058145097,49.58,0.871,5.468,100.0,25.3,26.42,7.312,13.1248,25,1.4125,1,0,0,0
11.8,1.3296552241970494,49.58,0.871,4.903,97.8,25.3,29.29,6.636,13.0944,52,1.3450000000000002,1,0,0,1
13.8,1.2176804241557977,49.58,0.871,6.13,100.0,25.3,27.8,7.776,10.1104,59,1.42,1,0,0,1
15.6,1.1490043437281394,49.58,0.871,5.628,100.0,25.3,16.65,5.612,10.1248,32,1.515,1,0,0,1
14.6,1.2145031649491107,49.58,0.871,4.926,95.7,25.3,29.53,6.892,11.1168,24,1.46,0,0,0,0
17.8,1.2032695571055652,49.58,0.871,5.186,93.8,25.3,28.32,9.856,14.1424,43,1.5325,0,1,0,0
15.4,1.317472010807663,49.58,0.871,5.597,94.9,25.3,21.45,10.108,15.1232,48,1.5225,0,0,0,0
21.5,0.977047109716266,49.58,0.871,6.122,97.3,25.3,14.1,5.53,12.172,34,1.6175,0,0,0,1
19.6,0.9148176474178112,49.58,0.871,5.404,100.0,25.3,13.28,6.492,11.1568,42,1.59,0,0,0,1
15.3,0.7545150555070919,49.58,0.871,5.012,88.0,25.3,12.12,5.406,10.1224,46,1.61,1,0,0,0
19.4,1.1471421014887528,49.58,0.871,5.709,98.5,25.3,15.79,6.088,12.1552,58,1.6225,0,0,0,0
17.0,0.8812229832136547,49.58,0.871,6.129,96.0,25.3,15.12,7.44,15.136,48,1.7475,0,0,1,0
15.6,1.5118272886363335,49.58,0.871,6.152,82.6,25.3,15.02,9.912,11.1248,37,1.7475,0,0,0,1
13.1,1.2374114488766446,49.58,0.871,5.272,94.0,25.3,16.14,6.362,10.1048,60,1.735,0,0,0,1
41.3,0.7991185096332699,49.58,0.605,6.943,97.4,25.3,4.59,8.226,13.3304,57,1.8775,1,0,0,0
24.3,0.8513638686748987,49.58,0.605,6.066,100.0,25.3,6.43,8.886,13.1944,46,1.7575,0,0,0,1
23.3,0.8858397717781171,49.58,0.871,6.51,100.0,25.3,7.39,7.166,12.1864,36,1.7675,1,1,0,0
27.0,0.8213029001101178,49.58,0.605,6.25,92.6,25.3,5.5,8.44,12.216,23,1.7999999999999998,1,1,0,0
50.0,0.9015262716731894,49.58,0.605,7.489,90.8,25.3,1.73,10.5,11.4,35,1.97,1,0,0,0
50.0,1.0416079806003151,49.58,0.605,7.802,98.2,25.3,1.92,8.4,12.4,22,2.0424999999999995,1,1,0,0
50.0,0.923869936997549,49.58,0.605,8.375,93.9,25.3,3.32,8.0,12.4,57,2.1625,1,0,0,1
22.7,1.176301459715032,49.58,0.605,5.854,91.8,25.3,11.64,8.354,15.1816,56,2.4225,1,1,0,0
25.0,1.3671115417031166,49.58,0.605,6.101,93.0,25.3,9.81,10.0,12.2,22,2.2825,1,0,0,1
50.0,1.1020031996922046,49.58,0.605,7.929,96.2,25.3,3.7,8.3,15.4,37,2.0475,1,0,0,1
23.8,1.0297194121814914,49.58,0.605,5.877,79.2,25.3,12.14,10.076,10.1904,22,2.4250000000000003,1,1,0,0
23.8,1.194043673248051,49.58,0.605,6.319,96.1,25.3,11.1,6.676,11.1904,23,2.1,0,0,0,0
22.3,1.2382379898788043,49.58,0.605,6.402,95.2,25.3,11.32,5.546,15.1784,22,2.2625,0,0,1,0
17.4,0.7918244127486899,49.58,0.605,5.875,94.6,25.3,14.43,7.948,11.1392,28,2.425,0,1,0,0
19.1,1.1981257435340087,49.58,0.605,5.88,97.3,25.3,12.03,9.782,12.1528,54,2.39,0,0,0,1
23.1,0.1302735917492122,34.05,0.51,5.572,88.5,23.4,14.69,9.362,12.1848,38,2.5975,0,0,0,1
23.6,0.0878093918244082,34.05,0.51,6.416,84.1,23.4,9.04,9.872,10.1888,59,2.6475,1,0,0,0
22.6,0.0810913883848885,34.05,0.51,5.859,68.7,23.4,9.64,9.752,15.1808,35,2.7025,1,0,0,1
29.4,0.0645135208250659,34.05,0.51,6.546,33.1,23.4,5.33,6.188,12.2352,48,3.13,1,0,0,0
23.2,0.0678642348161299,34.05,0.51,6.02,47.2,23.4,10.11,8.564,15.1856,49,3.555,1,1,0,0
24.6,0.0528296136445321,34.05,0.51,6.315,73.4,23.4,6.29,7.092,14.1968,31,3.32,1,1,0,0
29.9,0.0643072443951669,34.05,0.51,6.86,74.4,23.4,6.92,5.898,11.2392,28,2.9125,0,0,0,0
37.2,0.0561912796497425,32.46,0.488,6.98,58.4,22.2,5.04,9.744,11.2976,50,2.83,0,1,0,0
39.8,0.0638007490506618,32.46,0.488,7.765,83.3,22.2,7.56,8.496,14.3184,60,2.74,1,0,1,0
36.2,0.0666113712985015,32.46,0.488,6.144,62.2,22.2,9.45,6.624,15.2896,59,2.5975,1,0,0,1
37.9,0.0871222041814029,32.46,0.488,7.155,92.2,22.2,4.82,9.258,15.3032,56,2.6975,1,0,0,1
32.5,0.0953829044325522,32.46,0.488,6.563,95.6,22.2,5.68,7.35,14.26,60,2.845,1,1,0,0
26.4,0.0798088341734151,32.46,0.488,5.604,89.8,22.2,13.98,9.928,10.2112,27,2.99,1,1,0,0
29.6,0.0587122060793317,32.46,0.488,6.153,68.8,22.2,13.15,8.192,11.2368,45,3.28,1,1,0,0
50.0,0.054507124498661,32.46,0.488,7.831,53.6,22.2,4.45,6.0,13.4,35,3.2,1,1,0,0
32.0,0.0758029634155007,33.44,0.437,6.782,41.1,24.8,6.68,7.84,13.256,23,3.7875,1,0,0,1
29.8,0.1184850114359459,33.44,0.437,6.556,29.1,24.8,4.56,7.596,10.2384,40,4.5675,1,0,0,1
34.9,0.0803811119468123,33.44,0.437,7.185,38.9,24.8,5.39,9.298,14.2792,20,4.5675,0,0,0,1
33.0,0.0868013549365423,33.44,0.437,6.951,21.5,24.8,5.1,6.16,11.264,55,6.48,0,0,0,0
30.5,0.0668265266555305,33.44,0.437,6.739,30.8,24.8,4.69,8.81,11.244,40,6.48,0,0,0,0
36.4,0.0830903665320983,33.44,0.437,7.178,26.3,24.8,2.87,10.528,11.2912,40,6.4775,1,1,0,0
31.1,0.0216342821251497,32.93,0.401,6.8,9.9,24.4,5.03,6.822,13.2488,24,6.22,0,0,0,1
29.1,0.0142874466080694,32.93,0.401,6.604,18.8,24.4,4.38,9.282,14.2328,59,6.22,0,0,0,1
50.0,0.0137155108859413,30.46,0.422,7.875,32.0,25.6,2.97,8.2,14.4,26,5.65,1,0,0,1
33.3,0.0393264767908799,31.52,0.404,7.287,34.1,27.4,4.08,7.266,15.2664,20,7.31,1,0,1,0
30.3,0.0456041418050157,31.52,0.404,7.107,36.6,27.4,8.61,6.906,14.2424,24,7.31,1,0,1,0
34.6,0.0369874520502805,31.52,0.404,7.274,38.3,27.4,6.62,10.192,14.2768,43,7.31,0,1,0,0
34.9,0.0310140535291695,31.47,0.403,6.975,15.3,23.0,4.56,7.998,13.2792,24,7.6525,1,0,0,0
32.9,0.0176237847535493,31.47,0.403,7.135,13.9,23.0,4.45,5.958,10.2632,22,7.6525,0,1,0,0
24.1,0.0338698845076152,32.03,0.415,6.162,38.4,25.3,7.43,7.782,12.1928,32,6.2725,1,0,0,1
42.3,0.0215364175305246,32.03,0.415,7.61,15.7,25.3,3.11,10.546,14.3384,30,6.2675,0,0,1,0
48.5,0.0344980404075673,32.68,0.4161,7.853,33.2,25.3,3.81,8.77,11.388,22,5.1175,0,0,0,0
50.0,0.0198908586977927,32.68,0.4161,8.034,31.9,25.3,2.88,8.9,15.4,51,5.120000000000001,1,0,0,1
22.6,0.1278829702798455,40.59,0.489,5.891,22.3,21.4,10.87,7.952,15.1808,26,3.9475,1,0,0,1
24.4,0.2067621050984678,40.59,0.489,6.326,52.5,21.4,10.97,6.688,11.1952,52,4.3575,1,0,0,1
22.5,0.2247342854255614,40.59,0.489,5.783,72.7,21.4,18.06,7.95,10.18,38,4.3525,1,0,0,0
24.4,0.1273988771308717,40.59,0.489,6.064,59.1,21.4,14.66,6.888,14.1952,31,4.24,1,0,0,0
20.0,0.3616595003706893,40.59,0.489,5.344,100.0,21.4,23.09,7.9,13.16,60,3.875,0,0,0,0
21.7,0.1608084674913248,40.59,0.489,5.96,92.1,21.4,17.27,8.034,12.1736,36,3.875,1,0,0,0
19.3,0.319020843007457,40.59,0.489,5.404,88.6,21.4,23.98,5.986,14.1544,39,3.665,0,0,0,1
22.4,0.1965449234301974,40.59,0.489,5.807,53.8,21.4,16.03,6.848,13.1792,20,3.6525,1,0,0,1
28.1,0.131484298756896,40.59,0.489,6.375,32.3,21.4,9.38,7.562,10.2248,6,3.945,1,0,0,0
23.7,0.2542933203064257,40.59,0.489,5.412,9.8,21.4,29.55,5.674,11.1896,21,3.59,1,0,0,0
25.0,0.1806701940447242,40.59,0.489,6.182,42.4,21.4,9.47,7.9990000000000006,12.2,30,3.9475000000000007,1,1,0,0
23.3,0.0445908833278752,43.89,0.55,5.888,56.0,23.6,13.51,5.466,12.1864,22,3.1125,1,0,1,0
28.7,0.0677801364209581,43.89,0.55,6.642,85.1,23.6,9.69,9.274,14.2296,23,3.42,0,0,0,0
21.5,0.1049814438191744,43.89,0.55,5.951,93.8,23.6,17.92,8.73,14.172,49,2.89,1,0,0,0
23.0,0.1081815328445281,43.89,0.55,6.373,92.4,23.6,10.5,6.16,13.184,21,3.365,1,0,0,0
26.7,0.3060793008727377,36.2,0.507,6.951,88.5,22.6,9.71,8.734,11.2136,23,2.86,0,0,0,1
21.7,0.341964270612869,36.2,0.507,6.164,91.3,22.6,21.46,5.734,14.1736,37,3.0475,1,0,0,0
27.5,0.4846212690691168,36.2,0.507,6.879,77.7,22.6,9.93,9.45,12.22,50,3.2725,1,0,1,0
30.1,0.4791491809054383,36.2,0.507,6.618,80.8,22.6,7.6,9.702,12.2408,39,3.27,1,0,0,1
44.8,0.2740875847172426,36.2,0.504,8.266,78.3,22.6,4.14,6.796,12.3584,47,2.895,1,1,0,0
50.0,0.4232591836664219,36.2,0.504,8.725,83.0,22.6,4.63,7.5,13.4,20,2.8925,1,0,0,1
37.6,0.323633022674933,36.2,0.504,8.04,86.5,22.6,3.13,5.952,10.3008,54,3.215,1,0,1,0
31.6,0.3452762246773022,36.2,0.504,7.163,79.9,22.6,6.36,6.332,10.2528,34,3.2175,0,0,0,1
46.7,0.2609709866142153,36.2,0.504,7.686,17.0,22.6,3.92,10.134,14.3736,43,3.3774999999999995,1,1,0,0
31.5,0.3658784613426783,36.2,0.504,6.552,21.4,22.6,3.76,7.33,15.252,47,3.3725,1,0,0,0
24.3,0.4298324645564587,36.2,0.504,5.981,68.1,22.6,11.65,8.286,10.1944,59,3.675,0,0,0,0
31.7,0.3804617805842404,36.2,0.504,7.412,76.9,22.6,5.25,6.734,10.2536,26,3.6725,1,0,0,0
41.7,0.4544393823124306,36.2,0.507,8.337,73.3,22.6,2.47,6.634,11.3336,28,3.84,1,0,0,1
48.3,0.2862835950379258,36.2,0.507,8.247,70.4,22.6,3.95,9.066,11.3864,23,3.65,1,0,0,0
29.0,0.3701211373357089,36.2,0.507,6.726,66.5,22.6,8.05,9.88,13.232,32,3.6525,1,0,0,1
24.0,0.2855172308722697,36.2,0.507,6.086,61.5,22.6,10.88,9.18,14.192,57,3.65,1,0,0,0
25.1,0.4190918410228212,36.2,0.507,6.631,76.5,22.6,9.54,9.402,15.2008,36,4.1475,1,0,1,0
31.5,0.4133208375737469,36.2,0.507,7.358,71.6,22.6,4.73,10.53,12.252,34,4.1475,1,0,0,1
23.7,0.0792177521066289,34.93,0.428,6.481,18.5,23.4,6.36,7.374,12.1896,48,6.19,1,0,1,0
23.3,0.0884869544561993,34.93,0.428,6.606,42.2,23.4,7.37,5.566,15.1864,51,6.19,0,0,1,0
27.0,0.107319595407324,34.93,0.428,6.897,54.3,23.4,11.38,10.24,11.216,24,6.335000000000001,1,0,0,0
20.1,0.1008583963103827,34.93,0.428,6.095,65.1,23.4,12.4,8.302,13.1608,41,6.335,0,0,0,0
22.2,0.0979430743299641,34.93,0.428,6.358,52.9,23.4,11.22,6.044,10.1776,42,7.035,1,0,0,1
23.7,0.1200648747247548,34.93,0.428,6.393,7.8,23.4,5.19,7.374,15.1896,26,7.0375,1,0,0,1
17.6,0.1873754310966336,35.86,0.431,5.593,76.5,20.9,12.5,6.252,12.1408,42,7.955,0,0,0,0
18.5,0.1750703300797617,35.86,0.431,5.605,70.2,20.9,18.46,9.27,10.148,59,7.955,1,0,0,0
24.3,0.2925427402430482,35.86,0.431,6.108,34.9,20.9,9.16,7.086,11.1944,25,8.055,1,0,0,0
20.5,0.1794591306249126,35.86,0.431,6.226,79.2,20.9,10.15,9.81,12.164,31,8.055,0,0,0,1
24.5,0.1521973447384029,35.86,0.431,6.433,49.1,20.9,9.52,8.39,15.196,43,7.8275,1,0,0,1
26.2,0.1745665644208875,35.86,0.431,6.718,17.5,20.9,6.56,9.324,11.2096,39,7.824999999999999,1,0,0,0
24.4,0.1312913856811757,35.86,0.431,6.487,13.0,20.9,5.9,6.188,14.1952,38,7.3975,1,0,0,1
24.8,0.1939948249800461,35.86,0.431,6.438,8.9,20.9,3.59,10.296,12.1984,50,7.3975,0,1,0,0
29.6,0.0790052466199537,35.86,0.431,6.957,6.8,20.9,3.53,8.992,12.2368,57,8.905000000000001,0,0,1,0
42.8,0.3140367177344588,35.86,0.431,8.259,8.4,20.9,3.54,10.856,13.3424,53,8.9075,0,0,0,1
21.9,0.0470648671763303,33.64,0.392,6.108,32.0,23.6,6.57,6.538,12.1752,56,9.2175,0,0,0,1
20.9,0.0348650873260793,33.64,0.392,5.876,19.1,23.6,9.25,7.818,15.1672,31,9.22,0,0,0,0
44.0,0.0152629266659123,33.75,0.394,7.454,34.2,24.1,3.11,6.68,13.352,38,6.335,0,0,0,1
50.0,0.4771902435600922,33.97,0.647,8.704,86.9,27.0,5.12,8.6,11.4,54,1.8025,1,0,0,1
36.0,0.508929827880027,33.97,0.647,7.333,100.0,27.0,7.79,8.02,15.288,58,1.8925000000000003,1,0,0,1
30.1,0.5047974910276488,33.97,0.647,6.842,100.0,27.0,6.9,7.302,11.2408,40,2.0125,1,0,0,1
33.8,0.4318538424460673,33.97,0.647,7.203,81.8,27.0,9.59,7.9990000000000006,11.2704,21,2.1125,1,1,0,0
43.1,0.4279569267433913,33.97,0.647,7.52,89.4,27.0,7.26,6.662,11.3448,24,2.1375,1,0,1,0
48.8,0.4188024358799136,33.97,0.647,8.398,91.5,27.0,5.91,10.076,15.3904,24,2.2875,1,0,0,1
31.0,0.6017224426405978,33.97,0.647,7.327,94.5,27.0,11.25,5.72,11.248,60,2.08,1,0,0,0
36.5,0.4383000912017373,33.97,0.647,7.206,91.6,27.0,8.1,8.53,14.292,36,1.93,1,0,0,1
22.8,0.5662338402369981,33.97,0.647,5.56,62.8,27.0,10.45,7.456,13.1824,59,1.9850000000000003,0,0,0,0
30.7,0.5798104952209419,33.97,0.647,7.014,84.6,27.0,14.79,6.114,10.2456,41,2.1325,0,0,0,1
50.0,0.4563736618258476,33.97,0.575,8.297,67.0,27.0,7.44,8.0,15.4,42,2.42,1,0,0,0
43.5,0.4321070390545855,33.97,0.575,7.47,52.6,27.0,3.16,9.07,15.348,43,2.87,0,1,0,0
20.7,0.0867738487820383,36.96,0.464,5.92,61.5,21.4,13.65,10.414,14.1656,29,3.9175,0,0,1,0
21.1,0.261717901773971,36.96,0.464,5.856,42.1,21.4,13.0,6.222,15.1688,27,4.43,1,0,0,0
25.2,0.1502373183211033,36.96,0.464,6.24,16.3,21.4,6.59,6.604,10.2016,25,4.43,0,0,0,1
24.4,0.1084955961532989,36.96,0.464,6.538,58.7,21.4,7.73,8.488,13.1952,40,3.9175,1,0,0,1
35.2,0.2003906562548323,36.96,0.464,7.691,51.8,21.4,6.58,6.004,10.2816,39,4.3675,1,0,0,1
32.4,0.054904765169286,36.41,0.447,6.758,32.9,22.4,3.53,10.648,12.2592,30,4.08,0,0,0,1
32.0,0.091703684210213,36.41,0.447,6.854,42.8,22.4,2.98,8.84,12.256,23,4.2675,1,0,0,1
33.2,0.0995647526237456,36.41,0.447,7.267,49.0,22.4,6.05,8.564,11.2656,35,4.7875,0,1,0,0
33.1,0.0594663041666664,36.41,0.447,6.826,27.6,22.4,4.16,6.262,11.2648,21,4.8625,0,0,0,1
29.1,0.0767573166820071,36.41,0.447,6.482,32.1,22.4,7.19,6.282,10.2328,38,4.1375,1,0,0,1
35.1,0.1909343598921772,33.33,0.4429,6.812,32.2,25.1,4.85,9.602,12.2808,26,4.1,0,1,0,0
45.4,0.0351547660743753,33.33,0.4429,7.82,64.5,25.1,3.76,7.108,10.3632,50,4.695,0,0,0,0
35.4,0.0363801440927505,33.33,0.4429,6.968,37.2,25.1,4.59,8.508,14.2832,48,5.245,1,0,0,0
46.0,0.059485149334766,33.33,0.4429,7.645,49.7,25.1,3.01,8.72,12.368,25,5.21,1,1,0,0
50.0,0.0148984646619666,31.21,0.401,7.923,24.8,26.4,3.16,8.7,13.4,20,5.885,1,1,0,0
32.2,0.0090192044201599,32.97,0.4,7.088,20.8,24.7,7.85,7.844,12.2576,30,7.307500000000001,1,0,1,0
22.0,0.0109003744682883,32.25,0.389,6.453,31.9,24.7,8.23,10.44,14.176,55,7.3075,1,0,0,0
20.1,0.019459431156219,31.76,0.385,6.23,31.5,21.8,12.93,8.302,10.1608,39,9.0875,1,0,0,0
23.2,0.0379795586241743,35.32,0.405,6.209,31.3,23.4,7.14,9.964,14.1856,60,7.32,1,1,0,0
22.3,0.0448777587780855,35.32,0.405,6.315,45.6,23.4,7.6,5.846,12.1784,22,7.3175,0,0,0,1
24.8,0.0420724124218414,35.32,0.405,6.565,22.9,23.4,9.51,9.096,14.1984,60,7.3175,0,0,0,0
28.5,0.0344207502021303,34.95,0.411,6.861,27.9,20.8,3.33,8.07,11.228,53,5.1175,1,0,0,1
37.3,0.0759049280894641,34.95,0.411,7.148,27.7,20.8,3.56,8.146,10.2984,37,5.1175,1,0,0,0
27.9,0.0355119210013594,34.95,0.411,6.63,23.4,20.8,4.7,8.458,12.2232,37,5.1175,0,0,0,1
23.9,0.0794117394241617,43.92,0.437,6.127,18.4,24.0,8.58,7.278,14.1912,46,5.505,1,0,0,1
21.7,0.0788019382374034,43.92,0.437,6.009,42.3,24.0,10.4,8.834,11.1736,23,5.5025,0,1,0,0
28.6,0.1216156816765596,43.92,0.437,6.678,31.1,24.0,6.27,6.972,10.2288,44,5.96,1,0,0,1
27.1,0.0523267601777674,43.92,0.437,6.549,51.0,24.0,7.39,10.442,10.2168,26,5.9625,0,0,0,0
20.3,0.1319313632599701,43.92,0.437,5.79,58.0,24.0,15.84,7.606,11.1624,42,6.32,1,0,0,0
22.5,0.0626554993643422,32.24,0.4,6.345,20.1,25.2,4.97,9.45,13.18,48,7.8275,0,1,0,0
29.0,0.0541187988874959,32.24,0.4,7.041,10.0,25.2,4.74,7.98,11.232,36,7.829999999999999,1,1,0,0
24.8,0.043222311453269,32.24,0.4,6.871,47.4,25.2,6.07,9.096,11.1984,29,7.827500000000001,1,0,0,1
22.0,0.0347588507564547,36.09,0.433,6.59,40.4,23.9,9.5,9.94,12.176,21,5.494999999999999,1,0,0,1
26.4,0.0886150903536462,36.09,0.433,6.495,18.4,23.9,8.67,7.928,11.2112,42,5.49,1,0,1,0
33.1,0.0953101798043249,36.09,0.433,6.982,17.7,23.9,4.86,8.262,14.2648,34,5.4925,0,0,0,0
36.1,0.0536829369161848,32.18,0.472,7.236,41.1,21.6,6.93,6.922,10.2888,55,4.0225,0,0,0,1
28.4,0.0533416949818232,32.18,0.472,6.616,58.1,21.6,8.93,6.568,15.2272,22,3.37,0,0,0,0
33.4,0.0723485681669778,32.18,0.472,7.42,71.9,21.6,6.47,10.668,12.2672,23,3.1,1,0,0,1
28.2,0.0481423353260141,32.18,0.472,6.849,70.3,21.6,7.53,10.464,12.2256,46,3.1825,1,0,1,0
22.8,0.4007741226200408,39.9,0.544,6.635,82.5,21.6,4.54,7.156,11.1824,31,3.3175,0,0,0,1
20.3,0.2996600492111879,39.9,0.544,5.972,76.7,21.6,9.97,10.106,11.1624,51,3.1025,1,0,0,0
16.1,1.290741151786282,39.9,0.544,4.973,37.8,21.6,12.64,7.322,11.1288,27,2.5175,0,0,0,1
22.1,0.582444643903983,39.9,0.544,6.122,52.8,21.6,5.98,8.242,15.1768,46,2.6375,1,0,0,1
19.4,0.2324520921057716,39.9,0.544,6.023,90.4,21.6,11.72,6.288,13.1552,26,2.8325,1,0,0,0
21.6,0.2385285922910862,39.9,0.544,6.266,82.8,21.6,7.9,8.832,14.1728,33,3.2625,1,0,0,0
23.8,0.3142266276738932,39.9,0.544,6.567,87.3,21.6,9.28,9.576,13.1904,56,3.605,1,1,0,0
16.2,0.225987503445941,39.9,0.544,5.705,77.7,21.6,11.5,6.724,12.1296,58,3.945,0,0,0,1
17.8,0.2763202709424078,39.9,0.544,5.914,83.2,21.6,18.33,7.256,12.1424,43,3.9975,0,0,0,1
19.8,0.2193122211331677,39.9,0.544,5.782,71.7,21.6,15.94,9.796,12.1584,50,4.035,0,0,0,1
23.1,0.3379140538458848,39.9,0.544,6.382,67.2,21.6,10.36,5.562,10.1848,53,3.5325,0,0,0,0
21.0,0.3889765831033406,39.9,0.544,6.113,58.8,21.6,12.73,10.32,12.168,36,4.0025,0,0,1,0
23.8,0.1549503599978226,37.38,0.493,6.426,52.3,20.4,7.2,6.776,13.1904,48,4.5425,1,0,0,1
23.1,0.1668609890983405,37.38,0.493,6.376,54.3,20.4,6.87,7.762,14.1848,40,4.54,1,1,0,0
20.4,0.3009486805521662,37.38,0.493,6.041,49.9,20.4,7.7,8.908,13.1632,40,4.7225,0,0,0,0
18.5,0.2499178980307636,37.38,0.493,5.708,74.3,20.4,11.74,6.57,15.148,25,4.72,1,0,0,0
25.0,0.2934827161414511,37.38,0.493,6.415,40.1,20.4,6.12,8.6,15.2,52,4.72,0,0,0,1
24.6,0.1755151120809764,37.38,0.493,6.431,14.7,20.4,5.08,7.992,15.1968,45,5.4175,0,0,0,0
23.0,0.2650299391668472,37.38,0.493,6.312,28.9,20.4,6.15,7.06,12.184,36,5.4175,1,0,0,1
22.2,0.2159416799834654,37.38,0.493,6.083,43.7,20.4,12.79,9.044,15.1776,27,5.415,0,0,0,0
19.3,0.0640727877005889,33.24,0.46,5.868,25.8,23.1,9.97,9.986,10.1544,35,5.217499999999999,1,1,0,0
22.6,0.0650758767361876,33.24,0.46,6.333,17.2,23.1,7.34,5.552,14.1808,53,5.215,0,0,0,0
19.8,0.0444378494305682,33.24,0.46,6.144,32.2,23.1,9.09,9.396,11.1584,26,5.875,0,0,0,1
17.1,0.0490091878010527,36.06,0.4379,5.706,28.4,23.1,12.43,6.742,14.1368,21,6.640000000000001,0,1,0,0
19.4,0.0340728703331353,36.06,0.4379,6.031,23.3,23.1,7.83,7.488,14.1552,22,6.640000000000001,1,0,0,0
22.2,0.0495803280981504,35.19,0.515,6.316,38.1,19.8,5.68,9.144,11.1776,34,6.4575000000000005,0,0,0,0
20.7,0.0366983037826736,35.19,0.515,6.31,38.5,19.8,6.75,7.514,15.1656,53,6.46,1,0,1,0
21.1,0.0388456428231981,35.19,0.515,6.037,34.5,19.8,8.01,8.922,14.1688,57,5.985,1,0,0,0
19.5,0.0336958638567255,35.19,0.515,5.869,46.3,19.8,9.8,10.09,15.156,53,5.23,0,0,0,1
18.5,0.0299567812898033,35.19,0.515,5.895,59.6,19.8,10.56,8.27,12.148,21,5.615,1,0,0,1
20.6,0.0325252717033969,35.19,0.515,6.059,37.3,19.8,8.51,8.112,14.1648,26,4.8125,1,0,0,1
19.0,0.0535123305047611,35.19,0.515,5.985,45.4,19.8,9.74,6.38,11.152,28,4.8125,0,1,0,0
18.7,0.0596924227479821,35.19,0.515,5.968,58.5,19.8,9.29,6.474,13.1496,20,4.8125,1,0,0,0
32.7,0.0129260968861336,31.52,0.442,7.241,49.3,24.5,5.49,6.254,13.2616,48,7.0375000000000005,1,0,0,0
16.5,0.0246731002048841,31.89,0.518,6.54,59.7,24.1,8.65,7.33,11.132,40,6.267499999999999,1,0,0,1
23.9,0.0251120368148548,33.78,0.484,6.696,56.4,22.4,7.18,8.978,15.1912,52,5.732500000000001,1,0,1,0
31.2,0.0300344172741209,33.78,0.484,6.874,28.1,22.4,4.61,10.624,11.2496,23,6.465000000000001,0,0,0,1
17.5,0.0306552882596169,34.39,0.442,6.014,48.5,21.2,10.53,7.15,13.14,26,8.0125,1,1,0,0
17.2,0.0597960433459657,34.39,0.442,5.898,52.3,21.2,12.67,6.044,13.1376,46,8.015,0,0,0,1
23.1,0.0185273046138835,34.15,0.429,6.516,27.7,22.1,6.36,8.162,12.1848,47,8.537499999999998,1,1,0,0
24.5,0.0148984646619666,32.01,0.435,6.635,29.7,23.0,5.99,6.29,13.196,45,8.3425,1,0,0,0
26.6,0.0285777386317073,31.25,0.429,6.939,34.5,20.3,5.89,5.632,11.2128,30,8.795,1,0,0,0
22.9,0.0602574956103261,31.25,0.429,6.49,44.4,20.3,5.98,7.258,15.1832,55,8.7925,0,0,0,1
24.1,0.0764979709727249,31.69,0.411,6.579,35.9,21.7,5.49,5.582,10.1928,45,10.7125,1,0,0,1
18.6,0.0699364261991639,31.69,0.411,5.884,18.5,21.7,7.79,7.372,11.1488,50,10.7125,1,0,0,1
30.1,0.0169456087261417,32.02,0.41,6.728,36.1,23.0,4.5,6.102,12.2408,40,12.1275,1,1,0,0
18.2,0.0421107637003819,31.91,0.413,5.663,21.9,18.0,8.05,8.764,12.1456,34,10.585,0,0,0,0
20.6,0.101283214752084,31.91,0.413,5.936,19.5,18.0,5.57,9.312,13.1648,53,10.585,0,0,0,1
17.8,2.3008796395346813,48.1,0.77,6.212,97.4,19.8,17.6,5.956,14.1424,39,2.1225,0,0,0,0
21.7,1.578916847366148,48.1,0.77,6.395,91.0,19.8,13.27,7.034,13.1736,56,2.505,0,1,0,0
22.7,1.8248347351792475,48.1,0.77,6.127,83.4,19.8,11.48,6.354,15.1816,42,2.7225,0,0,1,0
22.6,1.6603800451716153,48.1,0.77,6.112,81.3,19.8,12.67,7.9990000000000006,14.1808,26,2.5075000000000003,0,1,0,0
25.0,1.7123410111146564,48.1,0.77,6.398,88.0,19.8,7.79,8.8,10.2,37,2.5175,0,0,0,0
19.9,1.5762616149393935,48.1,0.77,6.251,91.1,19.8,14.19,8.898,13.1592,56,2.295,1,0,0,1
20.8,1.5429176957008952,48.1,0.77,5.362,96.2,19.8,10.19,8.016,14.1664,52,2.105,0,1,0,0
16.8,1.6529551515173315,48.1,0.77,5.803,89.0,19.8,14.64,9.736,15.1344,57,1.905,1,0,1,0
21.9,1.4983454449272653,48.1,0.718,8.78,82.9,19.8,5.29,8.038,12.1752,26,1.905,0,0,0,1
27.5,1.7148550264902072,48.1,0.718,3.561,87.9,19.8,7.12,8.05,12.22,51,1.6124999999999998,1,0,0,1
21.9,1.5469133618955864,48.1,0.718,4.963,91.4,19.8,14.0,10.238,14.1752,58,1.75,0,1,0,0
23.1,2.675678513070904,48.1,0.631,3.863,100.0,19.8,13.33,9.962,11.1848,24,1.5075,0,1,0,0
50.0,1.7746506104773532,48.1,0.631,4.97,100.0,19.8,3.26,9.7,13.4,41,1.3325,0,0,0,1
50.0,1.8976168614222872,48.1,0.631,6.683,96.8,19.8,3.73,6.7,15.4,58,1.355,1,0,0,1
50.0,2.020057712262034,48.1,0.631,7.016,97.5,19.8,2.96,10.1,12.4,46,1.2,1,0,0,0
50.0,2.3255493836278043,48.1,0.631,6.216,100.0,19.8,9.53,9.8,13.4,25,1.1700000000000002,1,0,0,0
50.0,2.226486679687524,48.1,0.668,5.875,89.6,19.8,8.88,10.8,12.4,57,1.1275,1,0,0,0
13.8,2.493874650127679,48.1,0.668,4.906,100.0,19.8,34.77,6.876,13.1104,56,1.175,1,0,0,0
13.8,2.970322153616776,48.1,0.668,4.138,100.0,19.8,37.97,7.076,13.1104,35,1.1375,0,1,0,0
15.0,3.0257327258266167,48.1,0.671,7.313,97.9,19.8,13.44,8.9,15.12,45,1.3175,0,0,0,0
13.9,2.790428640368112,48.1,0.671,6.649,93.3,19.8,23.24,9.478,15.1112,26,1.345,1,0,0,0
13.3,2.381718772241792,48.1,0.671,6.794,98.8,19.8,21.24,6.066,14.1064,22,1.3575,1,0,0,0
13.1,3.204703875510067,48.1,0.671,6.38,96.2,19.8,23.69,9.262,14.1048,54,1.3850000000000002,1,1,0,0
10.2,2.937398463323919,48.1,0.671,6.223,100.0,19.8,21.78,7.904,11.0816,46,1.3875,0,0,1,0
10.4,4.499545190914224,48.1,0.671,6.968,91.9,19.8,17.21,9.408,14.0832,21,1.4175,1,0,0,0
10.9,2.825797680570924,48.1,0.671,6.545,99.1,19.8,21.08,8.618,10.0872,60,1.5175,0,0,1,0
11.3,2.321114360892544,48.1,0.7,5.536,100.0,19.8,23.6,8.226,11.0904,46,1.5775,1,0,0,1
12.3,2.19638867250955,48.1,0.7,5.52,100.0,19.8,24.56,6.746,15.0984,41,1.535,0,1,0,0
8.8,3.04855714447919,48.1,0.7,4.368,91.2,19.8,30.63,5.676,14.0704,25,1.44,0,0,0,1
7.2,2.879861159011059,48.1,0.7,5.277,98.1,19.8,30.81,10.144,13.0576,36,1.4275000000000002,0,0,1,0
10.5,3.234505049740393,48.1,0.7,4.652,100.0,19.8,28.28,7.71,15.084,34,1.4675,1,0,0,1
7.4,3.1611238231251,48.1,0.7,5.0,89.5,19.8,31.99,8.348,15.0592,54,1.52,0,0,1,0
10.2,2.730053020578551,48.1,0.7,4.88,100.0,19.8,30.62,6.104,10.0816,25,1.59,0,1,0,0
11.5,2.213944025142987,48.1,0.7,5.39,98.9,19.8,20.85,6.03,12.092,51,1.73,0,0,1,0
15.1,2.0746990638882306,48.1,0.7,5.713,97.0,19.8,17.11,9.702,11.1208,20,1.9250000000000005,1,0,0,1
23.2,1.83944584984932,48.1,0.7,6.051,82.5,19.8,18.76,9.664,10.1856,53,2.17,1,0,0,1
9.7,2.531941305700138,48.1,0.7,5.036,97.0,19.8,25.68,5.494,14.0776,51,1.77,0,0,0,0
13.8,2.266414762688843,48.1,0.693,6.193,92.6,19.8,15.17,9.076,14.1104,55,1.7925,0,0,0,1
12.7,2.6644326359464867,48.1,0.693,5.887,94.7,19.8,16.35,6.754,15.1016,40,1.7825,0,0,0,0
13.1,2.273851200420946,48.1,0.693,6.471,98.8,19.8,17.12,5.762,15.1048,29,1.725,0,0,1,0
12.5,1.9274624605576969,48.1,0.693,6.405,96.0,19.8,19.37,5.45,11.1,24,1.675,1,0,0,1
8.5,2.160101750967694,48.1,0.693,5.747,98.9,19.8,19.92,9.27,14.068,22,1.6349999999999998,0,0,0,0
5.0,3.672541717146316,48.1,0.693,5.453,100.0,19.8,30.59,9.3,13.04,26,1.49,0,1,0,0
6.3,2.390279986333144,48.1,0.693,5.852,77.8,19.8,29.97,6.726,14.0504,42,1.5,0,0,0,1
5.6,3.2598680448992714,48.1,0.693,5.987,100.0,19.8,26.77,9.212,11.0448,30,1.59,1,1,0,0
7.2,2.723674175335137,48.1,0.693,6.343,100.0,19.8,20.32,7.344,10.0576,50,1.575,1,0,0,0
12.1,2.360449202216868,48.1,0.693,6.404,100.0,19.8,20.31,5.442,14.0968,42,1.6375,0,0,0,1
8.3,3.250440381229692,48.1,0.693,5.349,96.0,19.8,19.77,7.9990000000000006,15.0664,40,1.7025,1,0,0,1
8.5,3.75019089883704,48.1,0.693,5.531,85.4,19.8,27.38,8.47,11.068,56,1.6075,0,0,0,0
5.0,4.232958019253417,48.1,0.693,5.683,100.0,19.8,22.98,7.3,14.04,38,1.425,1,0,0,1
11.9,3.0780585258000213,48.1,0.659,4.138,100.0,19.8,23.34,8.538,14.0952,53,1.1775,1,0,0,1
27.9,2.5611807266231144,48.1,0.659,5.608,100.0,19.8,12.13,6.658,13.2232,26,1.2875,1,0,0,1
17.2,2.1286946938918567,48.1,0.597,5.617,97.9,19.8,26.4,6.444,12.1376,25,1.455,0,0,0,1
27.5,2.736851434907838,48.1,0.597,6.852,100.0,19.8,19.78,7.65,14.22,57,1.465,1,1,0,0
15.0,3.953851852901807,48.1,0.597,5.757,100.0,19.8,10.11,9.6,11.12,52,1.4125,0,0,0,1
17.2,2.71142450174116,48.1,0.597,6.657,100.0,19.8,21.22,9.644,14.1376,44,1.5275,0,0,0,0
17.9,2.986237338992189,48.1,0.597,4.628,100.0,19.8,34.37,8.358,15.1432,40,1.555,0,0,0,0
16.3,3.3896577218278483,48.1,0.597,5.155,100.0,19.8,20.08,6.626,14.1304,58,1.5875,0,0,0,1
7.0,3.844730829794956,48.1,0.693,4.519,100.0,19.8,36.98,6.04,12.056,40,1.6575000000000002,1,0,0,1
7.2,2.9488817271093315,48.1,0.679,6.434,100.0,19.8,29.05,8.644,11.0576,59,1.835,0,0,0,0
7.5,2.4709936445680034,48.1,0.679,6.782,90.8,19.8,25.79,7.9990000000000006,10.06,35,1.82,1,0,0,1
10.4,3.293634442449129,48.1,0.679,5.304,89.1,19.8,26.64,8.608,15.0832,60,1.65,1,0,1,0
8.8,4.3112567387853336,48.1,0.679,5.957,100.0,19.8,20.62,8.476,12.0704,52,1.8,0,0,0,0
8.4,2.550405647020696,48.1,0.718,6.824,76.5,19.8,22.74,5.968,13.0672,26,1.7925,0,0,0,0
16.7,2.492163587735884,48.1,0.718,6.411,100.0,19.8,15.02,6.034,13.1336,48,1.8575,1,0,1,0
14.2,2.0822613123870632,48.1,0.718,6.006,95.3,19.8,15.7,8.284,10.1136,29,1.875,0,0,0,0
20.8,2.56865019322086,48.1,0.614,5.648,87.6,19.8,14.1,8.916,11.1664,36,1.9525,0,0,0,0
13.4,2.085724263982504,48.1,0.614,6.103,85.1,19.8,23.29,8.268,46.19856,29,2.0225,0,1,0,0
11.7,2.2815779805968406,48.1,0.584,5.565,70.6,19.8,17.16,7.834,11.0936,57,2.065,0,0,0,0
8.3,2.8249617460097114,48.1,0.679,5.896,95.4,19.8,24.39,5.566,15.0664,51,1.91,1,1,0,0
10.2,2.583786209346137,48.1,0.584,5.837,59.7,19.8,15.69,9.104,14.0816,33,1.9975,0,0,0,0
10.9,3.654854618977093,48.1,0.679,6.202,78.7,19.8,14.52,7.518,11.0872,42,1.8625,0,1,0,0
11.0,2.1243085441136205,48.1,0.679,6.193,78.1,19.8,21.52,8.52,12.088,45,1.9375,1,0,0,1
9.5,2.335912513221137,48.1,0.679,6.38,95.6,19.8,24.08,8.79,12.076,52,1.9675,1,0,0,0
14.5,2.2504630342235155,48.1,0.584,6.348,86.1,19.8,17.64,9.09,11.116,53,2.055,0,0,0,1
14.1,2.4035429310745737,48.1,0.584,6.833,94.3,19.8,19.69,6.682,14.1128,29,2.0875,1,1,0,0
16.1,2.007415055576361,48.1,0.584,6.425,74.8,19.8,12.03,8.722,10.1288,42,2.2,1,0,0,0
14.3,1.8841973460987684,48.1,0.713,6.436,87.9,19.8,16.22,6.186,10.1144,46,2.3175,0,0,1,0
11.7,2.7022601376565687,48.1,0.713,6.208,95.0,19.8,15.17,7.834,11.0936,37,2.2225,0,0,0,0
13.4,2.498184770733843,48.1,0.74,6.629,94.6,19.8,23.27,10.168,12.1072,46,2.125,0,0,1,0
9.6,2.7357172474638767,48.1,0.74,6.461,93.3,19.8,18.05,6.092,10.0768,57,2.0,1,0,0,1
8.2,2.783602843502881,48.1,0.74,6.152,100.0,19.8,26.45,9.864,11.0656,60,1.9125,0,0,0,0
8.4,2.6863565870169546,48.1,0.74,5.935,87.9,19.8,34.02,9.568,14.0672,57,1.82,1,0,0,0
12.8,2.340904438499074,48.1,0.74,5.627,93.9,19.8,22.88,8.456,15.1024,50,1.8175,1,0,0,0
10.5,3.137713490646716,48.1,0.74,5.818,92.4,19.8,22.11,7.41,12.084,38,1.865,0,0,0,0
17.1,2.372501005014648,48.1,0.74,6.406,97.2,19.8,19.52,9.242,15.1368,58,2.0675,1,0,1,0
14.8,1.8970754838957269,48.1,0.74,6.219,100.0,19.8,16.59,7.096,14.1184,54,2.005,0,0,0,1
15.4,2.394848818884537,48.1,0.74,6.485,100.0,19.8,18.85,6.608,14.1232,21,1.9775,0,0,0,1
10.8,2.62483524494248,48.1,0.74,5.854,96.6,19.8,23.79,5.516,12.0864,34,1.8975,0,0,1,0
11.8,2.457175676049689,48.1,0.74,6.459,94.8,19.8,23.98,5.336,12.0944,28,1.9875,1,0,0,1
14.9,1.9862387647413884,48.1,0.74,6.341,96.4,19.8,17.79,10.198,15.1192,41,2.0700000000000003,0,0,0,0
12.6,2.39104001091028,48.1,0.74,6.251,96.6,19.8,16.44,9.752,11.1008,37,2.1975,1,0,0,0
14.1,2.3349641863179325,48.1,0.713,6.185,98.7,19.8,18.13,9.082,13.1128,52,2.26,1,0,0,0
13.0,2.143121491225277,48.1,0.713,6.417,98.3,19.8,19.31,8.06,12.104,27,2.185,1,0,0,0
13.4,2.0435189836286223,48.1,0.713,6.749,92.6,19.8,17.44,9.068,13.1072,59,2.32,1,1,0,0
15.2,1.862705543083853,48.1,0.713,6.655,98.2,19.8,17.73,8.104,11.1216,41,2.355,1,0,0,0
16.1,1.8066759959463212,48.1,0.713,6.297,91.8,19.8,17.27,6.722,15.1288,21,2.3675,0,0,0,0
17.8,2.224417043716578,48.1,0.713,7.393,99.3,19.8,16.74,5.956,11.1424,42,2.4525,1,0,0,1
14.4,2.35267251060436,48.1,0.713,6.728,94.1,19.8,18.71,5.888,14.1152,34,2.4975,0,0,0,1
14.1,1.749611943801969,48.1,0.713,6.525,86.5,19.8,18.13,7.782,14.1128,36,2.435,0,0,0,1
12.7,1.7349827472403847,48.1,0.713,5.976,87.9,19.8,19.01,7.154,15.1016,31,2.58,0,0,0,1
13.5,2.219266525546099,48.1,0.713,5.936,80.3,19.8,16.94,8.87,13.108,46,2.78,0,0,0,0
14.9,2.169308525041816,48.1,0.713,6.301,83.7,19.8,16.23,5.598,15.1192,39,2.785,0,0,0,1
20.0,2.0542737224466707,48.1,0.713,6.081,84.4,19.8,14.7,5.4,14.16,27,2.7175,1,1,0,0
16.4,1.7599471129733726,48.1,0.713,6.701,90.0,19.8,16.42,9.428,12.1312,29,2.5975,1,0,0,1
17.7,1.546095475702301,48.1,0.713,6.376,88.4,19.8,14.65,9.854,13.1416,24,2.565,1,0,0,0
19.5,2.035348578369212,48.1,0.713,6.317,83.0,19.8,13.99,5.89,15.156,22,2.735,0,0,0,1
20.2,1.9200280793412092,48.1,0.713,6.513,89.9,19.8,10.29,8.804,15.1616,30,2.8025,1,0,0,0
21.4,2.1792099506138976,48.1,0.655,6.209,65.4,19.8,13.22,7.828,11.1712,55,2.9650000000000003,0,0,1,0
19.9,1.4263800846591763,48.1,0.655,5.759,48.2,19.8,14.13,9.998,12.1592,43,3.065,0,0,0,0
19.0,1.5633897854422465,48.1,0.655,5.952,84.7,19.8,17.15,8.38,10.152,21,2.8725,1,0,0,0
19.1,1.690516391203815,48.1,0.584,6.003,94.5,19.8,21.32,9.482,13.1528,21,2.54,0,0,1,0
19.1,2.807937767457695,48.1,0.58,5.926,71.0,19.8,18.13,5.882,15.1528,28,2.91,0,0,0,0
20.1,2.6444072787962525,48.1,0.58,5.713,56.7,19.8,14.76,6.302,13.1608,27,2.825,0,0,0,0
19.9,1.6768703671037264,48.1,0.58,6.167,84.0,19.8,16.29,5.598,12.1592,36,3.035,0,0,0,1
19.6,1.6170905561197193,48.1,0.532,6.229,90.7,19.8,12.87,8.692,13.1568,52,3.0975,1,0,1,0
23.2,1.5192243229211484,48.1,0.58,6.437,75.0,19.8,14.36,8.464,15.1856,39,2.895,1,0,1,0
29.8,1.7311049511313974,48.1,0.614,6.98,67.6,19.8,11.66,7.396,15.2384,56,2.5325,1,0,1,0
13.8,2.203404332146021,48.1,0.584,5.427,95.4,19.8,18.14,9.076,11.1104,47,2.4275,0,0,1,0
13.3,2.000549838013637,48.1,0.584,6.162,97.4,19.8,24.1,9.066,11.1064,27,2.205,1,1,0,0
16.7,1.7700948094248417,48.1,0.614,6.484,93.6,19.8,18.68,6.134,14.1336,22,2.3025,1,0,0,1
12.0,2.774050153828231,48.1,0.614,5.304,97.3,19.8,24.91,9.34,15.096,39,2.1025,0,1,0,0
14.6,2.418855874659432,48.1,0.614,6.185,96.7,19.8,18.03,5.292,15.1168,60,2.17,1,1,0,0
21.4,2.730053020578551,48.1,0.614,6.229,88.0,19.8,13.11,6.128,10.1712,32,1.95,0,0,0,1
23.0,1.9204472756044824,48.1,0.532,6.242,64.7,19.8,10.74,8.56,13.184,22,3.4225,0,0,0,1
23.7,1.903327677232432,48.1,0.532,6.75,74.9,19.8,7.74,6.974,15.1896,46,3.33,0,0,0,0
25.0,1.9067474913596385,48.1,0.532,7.061,77.0,19.8,7.01,5.5,11.2,29,3.41,0,1,0,0
21.8,1.3398262488998969,48.1,0.532,5.762,40.3,19.8,10.42,9.636,14.1744,57,4.1000000000000005,0,0,1,0
20.6,1.2174525430495582,48.1,0.583,5.871,41.9,19.8,13.34,8.112,12.1648,31,3.7225,1,1,0,0
21.2,1.5419446302865207,48.1,0.583,6.312,51.9,19.8,10.58,9.024,13.1696,51,3.99,0,0,1,0
19.1,1.9008754243872985,48.1,0.583,6.114,79.8,19.8,14.98,8.582,12.1528,57,3.5449999999999995,1,0,0,0
20.6,1.763989083482614,48.1,0.583,5.905,53.2,19.8,11.45,8.412,11.1648,44,3.1500000000000004,0,0,0,0
15.2,0.1405094889795146,57.74,0.609,5.454,92.7,19.9,18.06,6.004,14.1216,28,1.82,0,0,0,0
7.0,0.1683663002546541,57.74,0.609,5.414,98.3,19.9,23.97,9.84,15.056,29,1.7575000000000005,0,0,0,0
8.1,0.188518979701907,57.74,0.609,5.093,98.0,19.9,29.68,9.162,10.0648,49,1.8225,1,0,1,0
13.6,0.1005147940898636,57.74,0.609,5.983,98.8,19.9,18.07,7.072,14.1088,47,1.8675,0,0,0,0
20.1,0.1055484979880409,57.74,0.609,5.983,83.5,19.9,13.35,8.902,13.1608,57,2.1075,1,0,0,1
21.8,0.1598288143805233,39.69,0.585,5.707,54.0,20.8,12.01,5.936,14.1744,31,2.3825000000000003,1,0,0,1
24.5,0.2465240839918834,39.69,0.585,5.926,42.6,20.8,13.59,8.79,11.196,47,2.38,1,0,0,1
23.1,0.1646581397550565,39.69,0.585,5.67,28.8,20.8,17.6,8.462,14.1848,55,2.8000000000000003,0,0,1,0
19.7,0.2543320927702268,39.69,0.585,5.39,72.9,20.8,21.14,7.9990000000000006,12.1576,44,2.7975,0,0,0,1
18.3,0.237740495661178,39.69,0.585,5.794,70.6,20.8,14.1,5.366,14.1464,55,2.8925,1,1,0,0
21.2,0.2144014502573663,39.69,0.585,6.019,65.3,20.8,12.92,5.824,14.1696,32,2.4075,1,0,0,1
17.5,0.1636737624214715,39.69,0.585,5.569,73.5,20.8,15.1,9.85,14.14,47,2.4,0,1,0,0
16.8,0.2024345934245115,39.69,0.585,6.027,79.7,20.8,14.33,6.236,14.1344,54,2.4975,0,1,0,0
22.4,0.0607469672731006,41.93,0.573,6.593,69.1,19.0,9.67,9.348,12.1792,27,2.4775,0,0,1,0
20.6,0.0442752252499074,41.93,0.573,6.12,76.7,19.0,9.08,6.612,13.1648,20,2.2875,1,0,1,0
23.9,0.0589856323478708,41.93,0.573,6.976,91.0,19.0,5.64,5.478,12.1912,31,2.1675,0,0,0,0
22.0,0.1039905777212051,41.93,0.573,6.794,89.3,19.0,6.48,7.94,15.176,47,2.39,1,0,0,0
19.0,0.0463204502685042,41.93,0.573,6.03,80.8,19.0,7.88,10.28,10.152,45,2.5050000000000003,1,0,0,0
